{"resourceType":"CapabilityStatement","id":"GAP-GestionnaireRessources","text":{"status":"extensions","div":"<div xmlns=\"http://www.w3.org/1999/xhtml\"><h2 id=\"title\">CI-SIS Gestion-d-Agendas-Partages - GestionnaireRessourcesGAP</h2><ul><li>Implementation Guide Version: 3.0.0</li><li>FHIR Version: 4.0.1</li><li>Supported Formats: <code>application/fhir+xml</code>, <code>application/fhir+json</code></li><li>Supported Patch Formats: </li><li>Published on: 2023-08-02</li><li>Published by: ANS</li></ul><blockquote class=\"impl-note\"><p><strong>Note to Implementers: FHIR Capabilities</strong></p><p>Any FHIR capability may be 'allowed' by the system unless explicitly marked as &quot;SHALL NOT&quot;. A few items are marked as MAY in the Implementation Guide to highlight their potential relevance to the use case.</p></blockquote><h3 id=\"shallIGs\">SHALL Support the Following Implementation Guides</h3><ul><li>https://interop.esante.gouv.fr/ig/fhir/agenda</li></ul><h2 id=\"rest\">FHIR RESTful Capabilities</h2><div class=\"panel panel-default\"><div class=\"panel-heading\"><h3 id=\"mode1\" class=\"panel-title\">Mode: <code>server</code></h3></div><div class=\"panel-body\"><div><p>Crée, modifie et supprime une ressource</p>\n</div><div class=\"lead\"><em>Security</em></div><blockquote><div><p>L’ANS propose des référentiels dédiés à la politique de sécurité (la PGSSI-S ) et des mécanismes de sécurisation sont définis dans les volets de la couche Transport du Cadre d’Interopérabilité des systèmes d’information de santé (CI-SIS)</p>\n</div></blockquote><div class=\"lead\"><em>Summary of System-wide Interactions</em></div></div></div><h3 id=\"resourcesCap1\">Capabilities by Resource/Profile</h3><h4 id=\"resourcesSummary1\">Summary</h4><p>The summary table lists the resources that are part of this configuration, and for each resource it lists:</p><ul><li>The relevant profiles (if any)</li><li>The interactions supported by each resource (<b><span class=\"bg-info\">R</span></b>ead, <b><span class=\"bg-info\">S</span></b>earch, <b><span class=\"bg-info\">U</span></b>pdate, and <b><span class=\"bg-info\">C</span></b>reate, are always shown, while <b><span class=\"bg-info\">VR</span></b>ead, <b><span class=\"bg-info\">P</span></b>atch, <b><span class=\"bg-info\">D</span></b>elete, <b><span class=\"bg-info\">H</span></b>istory on <b><span class=\"bg-info\">I</span></b>nstance, or <b><span class=\"bg-info\">H</span></b>istory on <b><span class=\"bg-info\">T</span></b>ype are only present if at least one of the resources has support for them.</li><li><span>The required, recommended, and some optional search parameters (if any). </span></li><li>The linked resources enabled for <code>_include</code></li><li>The other resources enabled for <code>_revinclude</code></li><li>The operations on the resource (if any)</li></ul><div class=\"table-responsive\"><table class=\"table table-condensed table-hover\"><thead><tr><th><b>Resource Type</b></th><th><b>Profile</b></th><th class=\"text-center\"><b title=\"GET a resource (read interaction)\">R</b></th><th class=\"text-center\"><b title=\"GET all set of resources of the type (search interaction)\">S</b></th><th class=\"text-center\"><b title=\"PUT a new resource version (update interaction)\">U</b></th><th class=\"text-center\"><b title=\"POST a new resource (create interaction)\">C</b></th><th class=\"text-center\"><b title=\"DELETE a resource (delete interaction)\">D</b></th><th><b title=\"Required and recommended search parameters\">Searches</b></th><th><code><b>_include</b></code></th><th><code><b>_revinclude</b></code></th><th><b>Operations</b></th></tr></thead><tbody><tr><td><a href=\"#Patient1-1\">Patient</a></td><td><a href=\"https://hl7.fr/ig/fhir/core/2.0.1/StructureDefinition-fr-core-patient.html\">https://hl7.fr/ig/fhir/core/StructureDefinition/fr-core-patient</a></td><td></td><td class=\"text-center\"></td><td class=\"text-center\">y</td><td class=\"text-center\">y</td><td class=\"text-center\">y</td><td></td><td/><td/><td/></tr><tr><td><a href=\"#Practitioner1-2\">Practitioner</a></td><td><a href=\"https://hl7.fr/ig/fhir/core/2.0.1/StructureDefinition-fr-core-practitioner.html\">https://hl7.fr/ig/fhir/core/StructureDefinition/fr-core-practitioner</a></td><td></td><td class=\"text-center\"></td><td class=\"text-center\">y</td><td class=\"text-center\">y</td><td class=\"text-center\">y</td><td></td><td/><td/><td/></tr><tr><td><a href=\"#PractitionerRole1-3\">PractitionerRole</a></td><td><a href=\"https://interop.esante.gouv.fr/ig/fhir/annuaire/1.0.1/StructureDefinition-as-dp-practitionerrole.html\">https://interop.esante.gouv.fr/ig/fhir/annuaire/StructureDefinition/as-dp-practitionerrole</a></td><td></td><td class=\"text-center\"></td><td class=\"text-center\">y</td><td class=\"text-center\">y</td><td class=\"text-center\">y</td><td></td><td/><td/><td/></tr><tr><td><a href=\"#RelatedPerson1-4\">RelatedPerson</a></td><td><a href=\"https://hl7.fr/ig/fhir/core/2.0.1/StructureDefinition-fr-core-related-person.html\">https://hl7.fr/ig/fhir/core/StructureDefinition/fr-core-related-person</a></td><td></td><td class=\"text-center\"></td><td class=\"text-center\">y</td><td class=\"text-center\">y</td><td class=\"text-center\">y</td><td></td><td/><td/><td/></tr><tr><td><a href=\"#Location1-5\">Location</a></td><td><a href=\"https://hl7.fr/ig/fhir/core/2.0.1/StructureDefinition-fr-core-location.html\">https://hl7.fr/ig/fhir/core/StructureDefinition/fr-core-location</a></td><td></td><td class=\"text-center\"></td><td class=\"text-center\">y</td><td class=\"text-center\">y</td><td class=\"text-center\">y</td><td></td><td/><td/><td/></tr><tr><td><a href=\"#HealthcareService1-6\">HealthcareService</a></td><td><a href=\"https://hl7.fr/ig/fhir/core/2.0.1/StructureDefinition-fr-core-healthcare-service.html\">https://hl7.fr/ig/fhir/core/StructureDefinition/fr-core-healthcare-service</a></td><td></td><td class=\"text-center\"></td><td class=\"text-center\">y</td><td class=\"text-center\">y</td><td class=\"text-center\">y</td><td></td><td/><td/><td/></tr><tr><td><a href=\"#Organization1-7\">Organization</a></td><td><a href=\"https://hl7.fr/ig/fhir/core/2.0.1/StructureDefinition-fr-core-organization.html\">https://hl7.fr/ig/fhir/core/StructureDefinition/fr-core-organization</a></td><td></td><td class=\"text-center\"></td><td class=\"text-center\">y</td><td class=\"text-center\">y</td><td class=\"text-center\">y</td><td></td><td/><td/><td/></tr><tr><td><a href=\"#Device1-8\">Device</a></td><td><a href=\"http://hl7.org/fhir/R4/device.html\">http://hl7.org/fhir/StructureDefinition/Device</a></td><td></td><td class=\"text-center\"></td><td class=\"text-center\">y</td><td class=\"text-center\">y</td><td class=\"text-center\">y</td><td></td><td/><td/><td/></tr></tbody></table></div><hr/><div class=\"panel panel-default\"><div class=\"panel-heading\"><h4 id=\"Patient1-1\" class=\"panel-title\"><span style=\"float: right;\">Resource Conformance: supported</span>Patient</h4></div><div class=\"panel-body\"><div class=\"container\"><div class=\"row\"><div class=\"col-lg-6\"><span class=\"lead\">Base System Profile</span><br/><a href=\"https://hl7.fr/ig/fhir/core/2.0.1/StructureDefinition-fr-core-patient.html\">https://hl7.fr/ig/fhir/core/StructureDefinition/fr-core-patient</a></div><div class=\"col-lg-3\"><span class=\"lead\">Profile Conformance</span><br/><b>SHALL</b></div><div class=\"col-lg-3\"><span class=\"lead\">Reference Policy</span><br/></div></div><p/><div class=\"row\"><div class=\"col-lg-6\"><span class=\"lead\">Interaction summary</span><br/><ul><li>Supports <code>create</code>, <code>update</code>, <code>delete</code>.</li></ul></div></div><p/></div></div></div><div class=\"panel panel-default\"><div class=\"panel-heading\"><h4 id=\"Practitioner1-2\" class=\"panel-title\"><span style=\"float: right;\">Resource Conformance: supported</span>Practitioner</h4></div><div class=\"panel-body\"><div class=\"container\"><div class=\"row\"><div class=\"col-lg-6\"><span class=\"lead\">Base System Profile</span><br/><a href=\"https://hl7.fr/ig/fhir/core/2.0.1/StructureDefinition-fr-core-practitioner.html\">https://hl7.fr/ig/fhir/core/StructureDefinition/fr-core-practitioner</a></div><div class=\"col-lg-3\"><span class=\"lead\">Profile Conformance</span><br/><b>SHALL</b></div><div class=\"col-lg-3\"><span class=\"lead\">Reference Policy</span><br/></div></div><p/><div class=\"row\"><div class=\"col-lg-6\"><span class=\"lead\">Interaction summary</span><br/><ul><li>Supports <code>create</code>, <code>update</code>, <code>delete</code>.</li></ul></div></div><p/></div></div></div><div class=\"panel panel-default\"><div class=\"panel-heading\"><h4 id=\"PractitionerRole1-3\" class=\"panel-title\"><span style=\"float: right;\">Resource Conformance: supported</span>PractitionerRole</h4></div><div class=\"panel-body\"><div class=\"container\"><div class=\"row\"><div class=\"col-lg-6\"><span class=\"lead\">Base System Profile</span><br/><a href=\"https://interop.esante.gouv.fr/ig/fhir/annuaire/1.0.1/StructureDefinition-as-dp-practitionerrole.html\">https://interop.esante.gouv.fr/ig/fhir/annuaire/StructureDefinition/as-dp-practitionerrole</a></div><div class=\"col-lg-3\"><span class=\"lead\">Profile Conformance</span><br/><b>SHALL</b></div><div class=\"col-lg-3\"><span class=\"lead\">Reference Policy</span><br/></div></div><p/><div class=\"row\"><div class=\"col-lg-6\"><span class=\"lead\">Interaction summary</span><br/><ul><li>Supports <code>create</code>, <code>update</code>, <code>delete</code>.</li></ul></div></div><p/></div></div></div><div class=\"panel panel-default\"><div class=\"panel-heading\"><h4 id=\"RelatedPerson1-4\" class=\"panel-title\"><span style=\"float: right;\">Resource Conformance: supported</span>RelatedPerson</h4></div><div class=\"panel-body\"><div class=\"container\"><div class=\"row\"><div class=\"col-lg-6\"><span class=\"lead\">Base System Profile</span><br/><a href=\"https://hl7.fr/ig/fhir/core/2.0.1/StructureDefinition-fr-core-related-person.html\">https://hl7.fr/ig/fhir/core/StructureDefinition/fr-core-related-person</a></div><div class=\"col-lg-3\"><span class=\"lead\">Profile Conformance</span><br/><b>SHALL</b></div><div class=\"col-lg-3\"><span class=\"lead\">Reference Policy</span><br/></div></div><p/><div class=\"row\"><div class=\"col-lg-6\"><span class=\"lead\">Interaction summary</span><br/><ul><li>Supports <code>create</code>, <code>update</code>, <code>delete</code>.</li></ul></div></div><p/></div></div></div><div class=\"panel panel-default\"><div class=\"panel-heading\"><h4 id=\"Location1-5\" class=\"panel-title\"><span style=\"float: right;\">Resource Conformance: supported</span>Location</h4></div><div class=\"panel-body\"><div class=\"container\"><div class=\"row\"><div class=\"col-lg-6\"><span class=\"lead\">Base System Profile</span><br/><a href=\"https://hl7.fr/ig/fhir/core/2.0.1/StructureDefinition-fr-core-location.html\">https://hl7.fr/ig/fhir/core/StructureDefinition/fr-core-location</a></div><div class=\"col-lg-3\"><span class=\"lead\">Profile Conformance</span><br/><b>SHALL</b></div><div class=\"col-lg-3\"><span class=\"lead\">Reference Policy</span><br/></div></div><p/><div class=\"row\"><div class=\"col-lg-6\"><span class=\"lead\">Interaction summary</span><br/><ul><li>Supports <code>create</code>, <code>update</code>, <code>delete</code>.</li></ul></div></div><p/></div></div></div><div class=\"panel panel-default\"><div class=\"panel-heading\"><h4 id=\"HealthcareService1-6\" class=\"panel-title\"><span style=\"float: right;\">Resource Conformance: supported</span>HealthcareService</h4></div><div class=\"panel-body\"><div class=\"container\"><div class=\"row\"><div class=\"col-lg-6\"><span class=\"lead\">Base System Profile</span><br/><a href=\"https://hl7.fr/ig/fhir/core/2.0.1/StructureDefinition-fr-core-healthcare-service.html\">https://hl7.fr/ig/fhir/core/StructureDefinition/fr-core-healthcare-service</a></div><div class=\"col-lg-3\"><span class=\"lead\">Profile Conformance</span><br/><b>SHALL</b></div><div class=\"col-lg-3\"><span class=\"lead\">Reference Policy</span><br/></div></div><p/><div class=\"row\"><div class=\"col-lg-6\"><span class=\"lead\">Interaction summary</span><br/><ul><li>Supports <code>create</code>, <code>update</code>, <code>delete</code>.</li></ul></div></div><p/></div></div></div><div class=\"panel panel-default\"><div class=\"panel-heading\"><h4 id=\"Organization1-7\" class=\"panel-title\"><span style=\"float: right;\">Resource Conformance: supported</span>Organization</h4></div><div class=\"panel-body\"><div class=\"container\"><div class=\"row\"><div class=\"col-lg-6\"><span class=\"lead\">Base System Profile</span><br/><a href=\"https://hl7.fr/ig/fhir/core/2.0.1/StructureDefinition-fr-core-organization.html\">https://hl7.fr/ig/fhir/core/StructureDefinition/fr-core-organization</a></div><div class=\"col-lg-3\"><span class=\"lead\">Profile Conformance</span><br/><b>SHALL</b></div><div class=\"col-lg-3\"><span class=\"lead\">Reference Policy</span><br/></div></div><p/><div class=\"row\"><div class=\"col-lg-6\"><span class=\"lead\">Interaction summary</span><br/><ul><li>Supports <code>create</code>, <code>update</code>, <code>delete</code>.</li></ul></div></div><p/></div></div></div><div class=\"panel panel-default\"><div class=\"panel-heading\"><h4 id=\"Device1-8\" class=\"panel-title\"><span style=\"float: right;\">Resource Conformance: supported</span>Device</h4></div><div class=\"panel-body\"><div class=\"container\"><div class=\"row\"><div class=\"col-lg-6\"><span class=\"lead\">Base System Profile</span><br/><a href=\"http://hl7.org/fhir/R4/device.html\">http://hl7.org/fhir/StructureDefinition/Device</a></div><div class=\"col-lg-3\"><span class=\"lead\">Profile Conformance</span><br/><b>SHALL</b></div><div class=\"col-lg-3\"><span class=\"lead\">Reference Policy</span><br/></div></div><p/><div class=\"row\"><div class=\"col-lg-6\"><span class=\"lead\">Interaction summary</span><br/><ul><li>Supports <code>create</code>, <code>update</code>, <code>delete</code>.</li></ul></div></div><p/></div></div></div></div>"},"url":"https://interop.esante.gouv.fr/ig/fhir/gap/CapabilityStatement/GAP-GestionnaireRessources","version":"3.0.0","name":"GAP_GestionnaireRessources","title":"CI-SIS Gestion-d-Agendas-Partages - GestionnaireRessourcesGAP","status":"active","experimental":false,"date":"2023-08-02","publisher":"ANS","contact":[{"name":"ANS","telecom":[{"system":"url","value":"https://esante.gouv.fr"}]}],"description":"Le gestionnaire de ressources gère les demandes de gestion de ressources (lieu,   équipement, personne prise en charge, professionnel, etc.).","jurisdiction":[{"coding":[{"system":"urn:iso:std:iso:3166","code":"FR","display":"FRANCE"}]}],"kind":"requirements","fhirVersion":"4.0.1","format":["application/fhir+xml","application/fhir+json"],"implementationGuide":["https://interop.esante.gouv.fr/ig/fhir/agenda"],"rest":[{"mode":"server","documentation":"Crée, modifie et supprime une ressource","security":{"cors":false,"description":"L’ANS propose des référentiels dédiés à la politique de sécurité (la PGSSI-S ) et des mécanismes de sécurisation sont définis dans les volets de la couche Transport du Cadre d’Interopérabilité des systèmes d’information de santé (CI-SIS)"},"resource":[{"type":"Patient","profile":"https://hl7.fr/ig/fhir/core/StructureDefinition/fr-core-patient","interaction":[{"code":"create"},{"code":"update"},{"code":"delete"}]},{"type":"Practitioner","profile":"https://hl7.fr/ig/fhir/core/StructureDefinition/fr-core-practitioner","interaction":[{"code":"create"},{"code":"update"},{"code":"delete"}]},{"type":"PractitionerRole","profile":"https://interop.esante.gouv.fr/ig/fhir/annuaire/StructureDefinition/as-dp-practitionerrole","interaction":[{"code":"create"},{"code":"update"},{"code":"delete"}]},{"type":"RelatedPerson","profile":"https://hl7.fr/ig/fhir/core/StructureDefinition/fr-core-related-person","interaction":[{"code":"create"},{"code":"update"},{"code":"delete"}]},{"type":"Location","profile":"https://hl7.fr/ig/fhir/core/StructureDefinition/fr-core-location","interaction":[{"code":"create"},{"code":"update"},{"code":"delete"}]},{"type":"HealthcareService","profile":"https://hl7.fr/ig/fhir/core/StructureDefinition/fr-core-healthcare-service","interaction":[{"code":"create"},{"code":"update"},{"code":"delete"}]},{"type":"Organization","profile":"https://hl7.fr/ig/fhir/core/StructureDefinition/fr-core-organization","interaction":[{"code":"create"},{"code":"update"},{"code":"delete"}]},{"type":"Device","profile":"http://hl7.org/fhir/StructureDefinition/Device","interaction":[{"code":"create"},{"code":"update"},{"code":"delete"}]}]}]}