<?xml version="1.0" encoding="UTF-8"?><SearchParameter xmlns="http://hl7.org/fhir"><id value="GAP-Appointment-created"/><text><status value="generated"/><div xmlns="http://www.w3.org/1999/xhtml"><h2>GAP_Appointment_created</h2><p>Parameter <code>created</code>:<code>date</code></p><div><p>Date that this appointment was initially created</p>
</div><table class="grid"><tr><td>Resource</td><td><a href="http://hl7.org/fhir/R4/appointment.html">Appointment</a></td></tr><tr><td>Expression</td><td><code>Appointment.created</code></td></tr><tr><td>Multiples</td><td><ul><li>multipleAnd: It's up to the server whether the parameter may repeat in order to specify multiple values that must all be true</li><li>multipleOr: It's up to the server whether the parameter can have multiple values (separated by comma) where at least one must be true</li></ul></td></tr></table></div></text><url value="https://interop.esante.gouv.fr/ig/fhir/gap/SearchParameter/GAP-Appointment-created"/><version value="3.0.0"/><name value="GAP_Appointment_created"/><status value="active"/><date value="2024-04-29T12:45:35+00:00"/><publisher value="ANS"/><contact><name value="ANS"/><telecom><system value="url"/><value value="https://esante.gouv.fr"/></telecom></contact><description value="Date that this appointment was initially created"/><jurisdiction><coding><system value="urn:iso:std:iso:3166"/><code value="FR"/><display value="FRANCE"/></coding></jurisdiction><code value="created"/><base value="Appointment"/><type value="date"/><expression value="Appointment.created"/></SearchParameter>