Source File	Size	loadResources	load	generateSnapshots	load-configure	scan	loadDepInfo	loadInfo	checkR4R4B	generateNarratives	validate	loadLists	checkConformanceResources	checkConformanceResources2	checkConformanceResources3	generateLogicalMaps	validateExpressions	scanForUsageStats	checkURLsUnique	processProvenanceDetails	translate	generate1	generate2	generateLogicals	makeDependencies	generateExampleZip	generateValidationPack	scanProfilesForR5	scanExamplesForR5
/fsh-generated/resources/ImplementationGuide-ans.fhir.fr.gap.json	11355	-	0	0	0	0	0	0	8	68	0	0	0	0	1	0	0	0	0	0	0	114	311	0	0	0	4	0	3
fsh-generated/resources/Appointment-example-req-appointment.json	1993	4	0	0	0	0	0	0	1	522	0	0	0	0	0	0	0	0	0	0	0	17	45	0	0	0	0	0	0
fsh-generated/resources/CapabilityStatement-GAP-Consommateur.json	16732	9	0	0	1	0	0	0	2	82	0	0	0	0	1	0	0	1	0	0	0	94	241	0	0	0	3	0	0
fsh-generated/resources/CapabilityStatement-GAP-DeclarantRDV.json	1634	3	0	0	0	0	0	0	0	9	0	0	0	0	0	0	0	0	0	0	0	23	35	0	0	0	1	0	0
fsh-generated/resources/CapabilityStatement-GAP-GestionnaireAgenda.json	7563	4	0	0	0	0	0	0	1	16	0	0	0	0	1	0	0	0	0	0	0	45	69	0	0	0	1	0	1
fsh-generated/resources/CapabilityStatement-GAP-GestionnaireRessources.json	4147	4	0	0	0	0	0	0	2	12	0	0	0	0	0	0	0	0	0	0	0	37	49	0	0	0	1	0	0
fsh-generated/resources/CapabilityStatement-Gap-Declarant.json	5068	4	0	0	0	0	0	0	1	13	0	0	0	0	1	0	0	0	0	0	0	39	42	0	0	0	2	0	0
fsh-generated/resources/Schedule-example.json	2347	3	0	0	0	0	0	0	0	11	0	0	0	0	0	0	0	0	0	0	0	20	29	0	0	0	0	0	0
fsh-generated/resources/SearchParameter-GAP-Appointment-created.json	411	2	0	0	0	0	0	0	0	5	0	0	0	0	1	0	0	0	0	0	0	15	16	0	0	0	0	0	0
fsh-generated/resources/SearchParameter-GAP-Appointment-description.json	583	1	0	0	1	0	0	0	1	4	0	0	0	0	0	0	0	0	0	0	0	11	13	0	0	0	0	0	0
fsh-generated/resources/SearchParameter-GAP-Appointment-earliestStart.json	603	2	0	0	0	0	0	0	0	2	0	0	0	0	1	0	0	0	0	0	0	15	12	0	0	0	1	0	0
fsh-generated/resources/SearchParameter-GAP-Appointment-latestStart.json	575	2	0	0	0	0	0	0	0	3	0	0	0	0	0	0	0	0	0	0	0	11	12	0	0	0	0	0	0
fsh-generated/resources/SearchParameter-GAP-Appointment-priority.json	508	1	0	0	0	0	0	0	1	3	0	0	0	0	1	0	0	0	0	0	0	17	8	0	0	0	0	0	0
fsh-generated/resources/SearchParameter-GAP-Slot-earliestStart.json	617	2	0	0	0	0	0	0	0	3	0	0	0	0	0	0	0	0	0	0	0	16	12	0	0	0	0	0	0
fsh-generated/resources/SearchParameter-GAP-Slot-latestStart.json	609	1	0	0	0	0	0	0	0	2	0	0	0	0	1	0	0	0	0	0	0	15	10	0	0	0	1	0	0
fsh-generated/resources/Slot-example.json	934	1	0	0	0	0	0	0	0	7	0	0	0	0	0	0	0	0	0	0	0	15	19	0	0	0	0	0	0
fsh-generated/resources/StructureDefinition-gap-bundle-reponse-demande-consult-dispo.json	10433	9	0	247	0	0	0	0	1	184	0	0	1	0	1	0	0	3	0	0	0	1127	2750	0	1	0	32	0	6
fsh-generated/resources/StructureDefinition-gap-bundle-reponse-demande-consult-rdv.json	11036	9	0	175	0	0	0	0	0	118	0	0	1	0	0	0	0	3	0	0	0	1028	1551	0	0	0	26	1	2
fsh-generated/resources/StructureDefinition-gap-fr-appointment.json	653	2	0	33	0	0	0	0	0	17	0	0	0	0	1	0	0	1	0	0	0	110	395	0	0	0	5	0	1
fsh-generated/resources/StructureDefinition-gap-fr-schedule.json	624	1	0	23	1	0	0	0	0	12	0	0	0	0	0	0	0	0	0	0	0	76	260	0	0	0	2	0	0
fsh-generated/resources/StructureDefinition-gap-fr-slot.json	585	1	0	19	0	0	0	0	0	11	0	0	0	0	1	0	0	0	0	0	0	92	265	0	0	0	3	0	0
/fsh-generated/includes/menu.xml	2706	-	-	-	0	0	0	0	0	0	0	0	0	0	0	0	0	0	0	0	0	0	1	0	0	0	0	0	0
/fsh-generated/includes/fsh-link-references.md	1410	-	-	-	0	0	0	0	0	0	0	0	0	0	0	0	0	0	0	0	0	0	0	0	0	0	0	0	0
/input/data/features.yml	166	-	-	-	0	0	0	0	0	0	0	0	0	0	0	0	0	0	0	0	0	0	0	0	0	0	0	0	0
/input/pagecontent/construction_des_flux.md	3540	-	-	-	0	0	0	0	0	0	0	0	0	0	0	0	0	0	0	0	0	0	1	0	0	0	0	0	0
/input/pagecontent/securite.md	927	-	-	-	0	0	0	0	0	0	0	0	0	0	0	0	0	0	0	0	0	0	0	0	0	0	0	0	0
/input/pagecontent/about.md	1837	-	-	-	0	0	0	0	0	0	0	0	0	0	0	0	0	0	0	0	0	0	1	0	0	0	0	0	0
/input/pagecontent/autres_ressources.md	0	-	-	-	0	0	0	0	0	0	0	0	0	0	0	0	0	0	0	0	0	0	0	0	0	0	0	0	0
/input/pagecontent/flux-gestion-agenda.md	6838	-	-	-	0	0	0	0	0	0	0	0	0	0	0	0	0	0	0	0	0	0	1	0	0	0	0	0	0
/input/pagecontent/flux-gestion-ressources.md	7335	-	-	-	0	0	0	0	0	0	0	0	0	0	0	0	0	0	0	0	0	0	0	0	0	0	0	0	0
/input/pagecontent/flux-gestion-dispo.md	3369	-	-	-	0	0	0	0	0	0	0	0	0	0	0	0	0	0	0	0	0	0	1	0	0	0	0	0	0
/input/pagecontent/flux-demande-consultation.md	9896	-	-	-	0	0	0	0	0	0	0	0	0	0	0	0	0	0	0	0	0	0	1	0	0	0	0	0	0
/input/pagecontent/mapping.md	68335	-	-	-	0	0	0	0	0	0	0	0	0	0	0	0	0	0	0	0	0	0	6	0	0	0	0	0	0
/input/pagecontent/flux-gestion-rdv.md	2512	-	-	-	0	0	0	0	0	0	0	0	0	0	0	0	0	0	0	0	0	0	1	0	0	0	0	0	0
/input/pagecontent/downloads.md	1010	-	-	-	0	0	0	0	0	0	0	0	0	0	0	0	0	0	0	0	0	0	0	0	0	0	0	0	0
/input/pagecontent/index.md	5332	-	-	-	0	0	0	0	0	0	0	0	0	0	0	0	0	0	0	0	0	0	25	0	0	0	0	0	0
/input/pagecontent/specifications_fonctionnelles.md	312	-	-	-	0	0	0	0	0	0	0	0	0	0	0	0	0	0	0	0	0	0	0	0	0	0	0	0	0
/input/pagecontent/specifications_techniques.md	0	-	-	-	0	0	0	0	0	0	0	0	0	0	0	0	0	0	0	0	0	0	0	0	0	0	0	0	0
/template/config	0	-	-	-	0	0	0	0	0	0	0	0	0	0	0	0	0	0	0	0	0	0	0	0	0	0	0	0	0
/template/config/_config.yml	140	-	-	-	0	0	0	0	0	0	0	0	0	0	0	0	0	0	0	0	0	0	0	0	0	0	0	0	0
/input/images	0	-	-	-	0	0	0	0	0	0	0	0	0	0	0	0	0	0	0	0	0	0	1	0	0	0	0	0	0
/input/images/flux4.png	60779	-	-	-	0	0	0	0	0	0	0	0	0	0	0	0	0	0	0	0	0	0	0	0	0	0	0	0	0
/input/images/Schémas mapping iCalendar.pptx	68211	-	-	-	0	0	0	0	0	0	0	0	0	0	0	0	0	0	0	0	0	0	0	0	0	0	0	0	0
/input/images/ci-sis-logo.png	61365	-	-	-	0	0	0	0	0	0	0	0	0	0	0	0	0	0	0	0	0	0	1	0	0	0	0	0	0
/input/images/flux3.png	14800	-	-	-	0	0	0	0	0	0	0	0	0	0	0	0	0	0	0	0	0	0	0	0	0	0	0	0	0
/input/images/vav-ical.png	19624	-	-	-	0	0	0	0	0	0	0	0	0	0	0	0	0	0	0	0	0	0	0	0	0	0	0	0	0
/input/images/flux6.png	22702	-	-	-	0	0	0	0	0	0	0	0	0	0	0	0	0	0	0	0	0	0	0	0	0	0	0	0	0
/input/images/cisis-tec_specifications_fonctionnelles-gestion_agendas_partages_v2.0.pdf	1432307	-	-	-	0	0	0	0	0	0	0	0	0	0	0	0	0	0	0	0	0	0	2	0	0	0	0	0	0
/input/images/flux2.2.png	39860	-	-	-	0	0	0	0	0	0	0	0	0	0	0	0	0	0	0	0	0	0	0	0	0	0	0	0	0
/input/images/flux2.png	145139	-	-	-	0	0	0	0	0	0	0	0	0	0	0	0	0	0	0	0	0	0	0	0	0	0	0	0	0
/input/images/Shémas Flux GAP.pptx	201208	-	-	-	0	0	0	0	0	0	0	0	0	0	0	0	0	0	0	0	0	0	0	0	0	0	0	0	0
/input/images/flux1.png	63392	-	-	-	0	0	0	0	0	0	0	0	0	0	0	0	0	0	0	0	0	0	1	0	0	0	0	0	0
/input/images/CI-SIS_ETUDE_NORMES_STANDARDS_GESTION_AGENDAS_PARTAGES_V1.0.pdf	583853	-	-	-	0	0	0	0	0	0	0	0	0	0	0	0	0	0	0	0	0	0	0	0	0	0	0	0	0
/temp/pages/_includes/artifacts.xml	14975	-	-	-	-	-	-	-	-	-	-	-	-	-	-	-	-	-	-	-	-	-	1	0	0	0	0	0	0
