<?xml version="1.0" encoding="UTF-8"?><CapabilityStatement xmlns="http://hl7.org/fhir"><id value="Gap-Declarant"/><text><status value="extensions"/><div xmlns="http://www.w3.org/1999/xhtml"><h2 id="title">CI-SIS Gestion-d-Agendas-Partages - DeclarantGAP</h2><ul><li>Implementation Guide Version: 3.0.0</li><li>FHIR Version: 4.0.1</li><li>Supported Formats: <code>application/fhir+xml</code>, <code>application/fhir+json</code></li><li>Supported Patch Formats: </li><li>Published on: 2023-08-02</li><li>Published by: ANS</li></ul><blockquote class="impl-note"><p><strong>Note to Implementers: FHIR Capabilities</strong></p><p>Any FHIR capability may be 'allowed' by the system unless explicitly marked as &quot;SHALL NOT&quot;. A few items are marked as MAY in the Implementation Guide to highlight their potential relevance to the use case.</p></blockquote><h3 id="shallIGs">SHALL Support the Following Implementation Guides</h3><ul><li>https://interop.esante.gouv.fr/ig/fhir/agenda</li></ul><h2 id="rest">FHIR RESTful Capabilities</h2><div class="panel panel-default"><div class="panel-heading"><h3 id="mode1" class="panel-title">Mode: <code>client</code></h3></div><div class="panel-body"><div><p>Crée, modifie et supprime une ressource - déclare les disponibilités d'une ressource</p>
</div><div class="lead"><em>Security</em></div><blockquote><div><p>L’ANS propose des référentiels dédiés à la politique de sécurité (la PGSSI-S
) et des mécanismes de sécurisation sont définis dans les volets de la couche Transport du Cadre d’Interopérabilité des systèmes
d’information de santé (CI-SIS)</p>
</div></blockquote><div class="lead"><em>Summary of System-wide Interactions</em></div></div></div><h3 id="resourcesCap1">Capabilities by Resource/Profile</h3><h4 id="resourcesSummary1">Summary</h4><p>The summary table lists the resources that are part of this configuration, and for each resource it lists:</p><ul><li>The relevant profiles (if any)</li><li>The interactions supported by each resource (<b><span class="bg-info">R</span></b>ead, <b><span class="bg-info">S</span></b>earch, <b><span class="bg-info">U</span></b>pdate, and <b><span class="bg-info">C</span></b>reate, are always shown, while <b><span class="bg-info">VR</span></b>ead, <b><span class="bg-info">P</span></b>atch, <b><span class="bg-info">D</span></b>elete, <b><span class="bg-info">H</span></b>istory on <b><span class="bg-info">I</span></b>nstance, or <b><span class="bg-info">H</span></b>istory on <b><span class="bg-info">T</span></b>ype are only present if at least one of the resources has support for them.</li><li><span>The required, recommended, and some optional search parameters (if any). </span></li><li>The linked resources enabled for <code>_include</code></li><li>The other resources enabled for <code>_revinclude</code></li><li>The operations on the resource (if any)</li></ul><div class="table-responsive"><table class="table table-condensed table-hover"><thead><tr><th><b>Resource Type</b></th><th><b>Profile</b></th><th class="text-center"><b title="GET a resource (read interaction)">R</b></th><th class="text-center"><b title="GET all set of resources of the type (search interaction)">S</b></th><th class="text-center"><b title="PUT a new resource version (update interaction)">U</b></th><th class="text-center"><b title="PATCH a new resource version (patch interaction)">P</b></th><th class="text-center"><b title="POST a new resource (create interaction)">C</b></th><th class="text-center"><b title="DELETE a resource (delete interaction)">D</b></th><th><b title="Required and recommended search parameters">Searches</b></th><th><code><b>_include</b></code></th><th><code><b>_revinclude</b></code></th><th><b>Operations</b></th></tr></thead><tbody><tr><td><a href="#Patient1-1">Patient</a></td><td><a href="https://hl7.fr/ig/fhir/core/2.0.1/StructureDefinition-fr-core-patient.html">https://hl7.fr/ig/fhir/core/StructureDefinition/fr-core-patient</a></td><td></td><td class="text-center"></td><td class="text-center">y</td><td class="text-center"></td><td class="text-center">y</td><td class="text-center">y</td><td></td><td/><td/><td/></tr><tr><td><a href="#Practitioner1-2">Practitioner</a></td><td><a href="https://hl7.fr/ig/fhir/core/2.0.1/StructureDefinition-fr-core-practitioner.html">https://hl7.fr/ig/fhir/core/StructureDefinition/fr-core-practitioner</a></td><td></td><td class="text-center"></td><td class="text-center">y</td><td class="text-center"></td><td class="text-center">y</td><td class="text-center">y</td><td></td><td/><td/><td/></tr><tr><td><a href="#PractitionerRole1-3">PractitionerRole</a></td><td><a href="https://interop.esante.gouv.fr/ig/fhir/annuaire/1.0.1/StructureDefinition-as-dp-practitionerrole.html">https://interop.esante.gouv.fr/ig/fhir/annuaire/StructureDefinition/as-dp-practitionerrole</a></td><td></td><td class="text-center"></td><td class="text-center">y</td><td class="text-center"></td><td class="text-center">y</td><td class="text-center">y</td><td></td><td/><td/><td/></tr><tr><td><a href="#RelatedPerson1-4">RelatedPerson</a></td><td><a href="https://hl7.fr/ig/fhir/core/2.0.1/StructureDefinition-fr-core-related-person.html">https://hl7.fr/ig/fhir/core/StructureDefinition/fr-core-related-person</a></td><td></td><td class="text-center"></td><td class="text-center">y</td><td class="text-center"></td><td class="text-center">y</td><td class="text-center">y</td><td></td><td/><td/><td/></tr><tr><td><a href="#Location1-5">Location</a></td><td><a href="https://hl7.fr/ig/fhir/core/2.0.1/StructureDefinition-fr-core-location.html">https://hl7.fr/ig/fhir/core/StructureDefinition/fr-core-location</a></td><td></td><td class="text-center"></td><td class="text-center">y</td><td class="text-center"></td><td class="text-center">y</td><td class="text-center">y</td><td></td><td/><td/><td/></tr><tr><td><a href="#HealthcareService1-6">HealthcareService</a></td><td><a href="https://hl7.fr/ig/fhir/core/2.0.1/StructureDefinition-fr-core-healthcare-service.html">https://hl7.fr/ig/fhir/core/StructureDefinition/fr-core-healthcare-service</a></td><td></td><td class="text-center"></td><td class="text-center">y</td><td class="text-center"></td><td class="text-center">y</td><td class="text-center">y</td><td></td><td/><td/><td/></tr><tr><td><a href="#Organization1-7">Organization</a></td><td><a href="https://hl7.fr/ig/fhir/core/2.0.1/StructureDefinition-fr-core-organization.html">https://hl7.fr/ig/fhir/core/StructureDefinition/fr-core-organization</a></td><td></td><td class="text-center"></td><td class="text-center">y</td><td class="text-center"></td><td class="text-center">y</td><td class="text-center">y</td><td></td><td/><td/><td/></tr><tr><td><a href="#Device1-8">Device</a></td><td><a href="http://hl7.org/fhir/R4/device.html">http://hl7.org/fhir/StructureDefinition/Device</a></td><td></td><td class="text-center"></td><td class="text-center">y</td><td class="text-center"></td><td class="text-center">y</td><td class="text-center">y</td><td></td><td/><td/><td/></tr><tr><td><a href="#Schedule1-9">Schedule</a></td><td><a href="https://hl7.fr/ig/fhir/core/2.0.1/StructureDefinition-fr-core-schedule.html">https://hl7.fr/ig/fhir/core/StructureDefinition/fr-core-schedule</a></td><td></td><td class="text-center"></td><td class="text-center">y</td><td class="text-center">y</td><td class="text-center">y</td><td class="text-center">y</td><td></td><td/><td/><td/></tr></tbody></table></div><hr/><div class="panel panel-default"><div class="panel-heading"><h4 id="Patient1-1" class="panel-title"><span style="float: right;">Resource Conformance: supported</span>Patient</h4></div><div class="panel-body"><div class="container"><div class="row"><div class="col-lg-6"><span class="lead">Base System Profile</span><br/><a href="https://hl7.fr/ig/fhir/core/2.0.1/StructureDefinition-fr-core-patient.html">https://hl7.fr/ig/fhir/core/StructureDefinition/fr-core-patient</a></div><div class="col-lg-3"><span class="lead">Profile Conformance</span><br/><b>SHALL</b></div><div class="col-lg-3"><span class="lead">Reference Policy</span><br/></div></div><p/><div class="row"><div class="col-lg-6"><span class="lead">Interaction summary</span><br/><ul><li>Supports <code>create</code>, <code>update</code>, <code>delete</code>.</li></ul></div></div><p/></div></div></div><div class="panel panel-default"><div class="panel-heading"><h4 id="Practitioner1-2" class="panel-title"><span style="float: right;">Resource Conformance: supported</span>Practitioner</h4></div><div class="panel-body"><div class="container"><div class="row"><div class="col-lg-6"><span class="lead">Base System Profile</span><br/><a href="https://hl7.fr/ig/fhir/core/2.0.1/StructureDefinition-fr-core-practitioner.html">https://hl7.fr/ig/fhir/core/StructureDefinition/fr-core-practitioner</a></div><div class="col-lg-3"><span class="lead">Profile Conformance</span><br/><b>SHALL</b></div><div class="col-lg-3"><span class="lead">Reference Policy</span><br/></div></div><p/><div class="row"><div class="col-lg-6"><span class="lead">Interaction summary</span><br/><ul><li>Supports <code>create</code>, <code>update</code>, <code>delete</code>.</li></ul></div></div><p/></div></div></div><div class="panel panel-default"><div class="panel-heading"><h4 id="PractitionerRole1-3" class="panel-title"><span style="float: right;">Resource Conformance: supported</span>PractitionerRole</h4></div><div class="panel-body"><div class="container"><div class="row"><div class="col-lg-6"><span class="lead">Base System Profile</span><br/><a href="https://interop.esante.gouv.fr/ig/fhir/annuaire/1.0.1/StructureDefinition-as-dp-practitionerrole.html">https://interop.esante.gouv.fr/ig/fhir/annuaire/StructureDefinition/as-dp-practitionerrole</a></div><div class="col-lg-3"><span class="lead">Profile Conformance</span><br/><b>SHALL</b></div><div class="col-lg-3"><span class="lead">Reference Policy</span><br/></div></div><p/><div class="row"><div class="col-lg-6"><span class="lead">Interaction summary</span><br/><ul><li>Supports <code>create</code>, <code>update</code>, <code>delete</code>.</li></ul></div></div><p/></div></div></div><div class="panel panel-default"><div class="panel-heading"><h4 id="RelatedPerson1-4" class="panel-title"><span style="float: right;">Resource Conformance: supported</span>RelatedPerson</h4></div><div class="panel-body"><div class="container"><div class="row"><div class="col-lg-6"><span class="lead">Base System Profile</span><br/><a href="https://hl7.fr/ig/fhir/core/2.0.1/StructureDefinition-fr-core-related-person.html">https://hl7.fr/ig/fhir/core/StructureDefinition/fr-core-related-person</a></div><div class="col-lg-3"><span class="lead">Profile Conformance</span><br/><b>SHALL</b></div><div class="col-lg-3"><span class="lead">Reference Policy</span><br/></div></div><p/><div class="row"><div class="col-lg-6"><span class="lead">Interaction summary</span><br/><ul><li>Supports <code>create</code>, <code>update</code>, <code>delete</code>.</li></ul></div></div><p/></div></div></div><div class="panel panel-default"><div class="panel-heading"><h4 id="Location1-5" class="panel-title"><span style="float: right;">Resource Conformance: supported</span>Location</h4></div><div class="panel-body"><div class="container"><div class="row"><div class="col-lg-6"><span class="lead">Base System Profile</span><br/><a href="https://hl7.fr/ig/fhir/core/2.0.1/StructureDefinition-fr-core-location.html">https://hl7.fr/ig/fhir/core/StructureDefinition/fr-core-location</a></div><div class="col-lg-3"><span class="lead">Profile Conformance</span><br/><b>SHALL</b></div><div class="col-lg-3"><span class="lead">Reference Policy</span><br/></div></div><p/><div class="row"><div class="col-lg-6"><span class="lead">Interaction summary</span><br/><ul><li>Supports <code>create</code>, <code>update</code>, <code>delete</code>.</li></ul></div></div><p/></div></div></div><div class="panel panel-default"><div class="panel-heading"><h4 id="HealthcareService1-6" class="panel-title"><span style="float: right;">Resource Conformance: supported</span>HealthcareService</h4></div><div class="panel-body"><div class="container"><div class="row"><div class="col-lg-6"><span class="lead">Base System Profile</span><br/><a href="https://hl7.fr/ig/fhir/core/2.0.1/StructureDefinition-fr-core-healthcare-service.html">https://hl7.fr/ig/fhir/core/StructureDefinition/fr-core-healthcare-service</a></div><div class="col-lg-3"><span class="lead">Profile Conformance</span><br/><b>SHALL</b></div><div class="col-lg-3"><span class="lead">Reference Policy</span><br/></div></div><p/><div class="row"><div class="col-lg-6"><span class="lead">Interaction summary</span><br/><ul><li>Supports <code>create</code>, <code>update</code>, <code>delete</code>.</li></ul></div></div><p/></div></div></div><div class="panel panel-default"><div class="panel-heading"><h4 id="Organization1-7" class="panel-title"><span style="float: right;">Resource Conformance: supported</span>Organization</h4></div><div class="panel-body"><div class="container"><div class="row"><div class="col-lg-6"><span class="lead">Base System Profile</span><br/><a href="https://hl7.fr/ig/fhir/core/2.0.1/StructureDefinition-fr-core-organization.html">https://hl7.fr/ig/fhir/core/StructureDefinition/fr-core-organization</a></div><div class="col-lg-3"><span class="lead">Profile Conformance</span><br/><b>SHALL</b></div><div class="col-lg-3"><span class="lead">Reference Policy</span><br/></div></div><p/><div class="row"><div class="col-lg-6"><span class="lead">Interaction summary</span><br/><ul><li>Supports <code>create</code>, <code>update</code>, <code>delete</code>.</li></ul></div></div><p/></div></div></div><div class="panel panel-default"><div class="panel-heading"><h4 id="Device1-8" class="panel-title"><span style="float: right;">Resource Conformance: supported</span>Device</h4></div><div class="panel-body"><div class="container"><div class="row"><div class="col-lg-6"><span class="lead">Base System Profile</span><br/><a href="http://hl7.org/fhir/R4/device.html">http://hl7.org/fhir/StructureDefinition/Device</a></div><div class="col-lg-3"><span class="lead">Profile Conformance</span><br/><b>SHALL</b></div><div class="col-lg-3"><span class="lead">Reference Policy</span><br/></div></div><p/><div class="row"><div class="col-lg-6"><span class="lead">Interaction summary</span><br/><ul><li>Supports <code>create</code>, <code>update</code>, <code>delete</code>.</li></ul></div></div><p/></div></div></div><div class="panel panel-default"><div class="panel-heading"><h4 id="Schedule1-9" class="panel-title"><span style="float: right;">Resource Conformance: supported</span>Schedule</h4></div><div class="panel-body"><div class="container"><div class="row"><div class="col-lg-6"><span class="lead">Base System Profile</span><br/><a href="https://hl7.fr/ig/fhir/core/2.0.1/StructureDefinition-fr-core-schedule.html">https://hl7.fr/ig/fhir/core/StructureDefinition/fr-core-schedule</a></div><div class="col-lg-3"><span class="lead">Profile Conformance</span><br/><b>SHALL</b></div><div class="col-lg-3"><span class="lead">Reference Policy</span><br/></div></div><p/><div class="row"><div class="col-lg-6"><span class="lead">Interaction summary</span><br/><ul><li>Supports <code>create</code>, <code>update</code>, <code>delete</code>, <code>patch</code>.</li></ul></div></div><p/></div></div></div></div></text><url value="https://interop.esante.gouv.fr/ig/fhir/gap/CapabilityStatement/Gap-Declarant"/><version value="3.0.0"/><name value="GAP-Declarant"/><title value="CI-SIS Gestion-d-Agendas-Partages - DeclarantGAP"/><status value="active"/><experimental value="false"/><date value="2023-08-02"/><publisher value="ANS"/><contact><name value="ANS"/><telecom><system value="url"/><value value="https://esante.gouv.fr"/></telecom></contact><description value="Le déclarant peut initier une demande de création d’une nouvelle ressource à un gestionnaire de ressource ou d’une plage de disponibilité d’une ressource à un gestionnaire d’agenda.&#xA;Il peut également modifier ou supprimer une ressource ou une plage de disponibilité d’une ressource existante. &#xA;Le déclarant peut être soit le responsable de la ressource, soit un gestionnaire d’agenda ou un gestionnaire de ressources auprès duquel une ressource ou une plage de disponibilité d’une ressource a été déclarée et qui diffuse cette information à un autre gestionnaire d’agenda, ou à un autre gestionnaire de ressources. "/><jurisdiction><coding><system value="urn:iso:std:iso:3166"/><code value="FR"/><display value="FRANCE"/></coding></jurisdiction><kind value="requirements"/><fhirVersion value="4.0.1"/><format value="application/fhir+xml"/><format value="application/fhir+json"/><implementationGuide value="https://interop.esante.gouv.fr/ig/fhir/agenda"/><rest><mode value="client"/><documentation value="Crée, modifie et supprime une ressource - déclare les disponibilités d'une ressource"/><security><cors value="false"/><description value="L’ANS propose des référentiels dédiés à la politique de sécurité (la PGSSI-S&#xA;) et des mécanismes de sécurisation sont définis dans les volets de la couche Transport du Cadre d’Interopérabilité des systèmes&#xA;d’information de santé (CI-SIS)"/></security><resource><type value="Patient"/><profile value="https://hl7.fr/ig/fhir/core/StructureDefinition/fr-core-patient"/><interaction><code value="create"/></interaction><interaction><code value="update"/></interaction><interaction><code value="delete"/></interaction></resource><resource><type value="Practitioner"/><profile value="https://hl7.fr/ig/fhir/core/StructureDefinition/fr-core-practitioner"/><interaction><code value="create"/></interaction><interaction><code value="update"/></interaction><interaction><code value="delete"/></interaction></resource><resource><type value="PractitionerRole"/><profile value="https://interop.esante.gouv.fr/ig/fhir/annuaire/StructureDefinition/as-dp-practitionerrole"/><interaction><code value="create"/></interaction><interaction><code value="update"/></interaction><interaction><code value="delete"/></interaction></resource><resource><type value="RelatedPerson"/><profile value="https://hl7.fr/ig/fhir/core/StructureDefinition/fr-core-related-person"/><interaction><code value="create"/></interaction><interaction><code value="update"/></interaction><interaction><code value="delete"/></interaction></resource><resource><type value="Location"/><profile value="https://hl7.fr/ig/fhir/core/StructureDefinition/fr-core-location"/><interaction><code value="create"/></interaction><interaction><code value="update"/></interaction><interaction><code value="delete"/></interaction></resource><resource><type value="HealthcareService"/><profile value="https://hl7.fr/ig/fhir/core/StructureDefinition/fr-core-healthcare-service"/><interaction><code value="create"/></interaction><interaction><code value="update"/></interaction><interaction><code value="delete"/></interaction></resource><resource><type value="Organization"/><profile value="https://hl7.fr/ig/fhir/core/StructureDefinition/fr-core-organization"/><interaction><code value="create"/></interaction><interaction><code value="update"/></interaction><interaction><code value="delete"/></interaction></resource><resource><type value="Device"/><profile value="http://hl7.org/fhir/StructureDefinition/Device"/><interaction><code value="create"/></interaction><interaction><code value="update"/></interaction><interaction><code value="delete"/></interaction></resource><resource><type value="Schedule"/><profile value="https://hl7.fr/ig/fhir/core/StructureDefinition/fr-core-schedule"/><interaction><code value="create"/></interaction><interaction><code value="update"/></interaction><interaction><code value="delete"/></interaction><interaction><code value="patch"/></interaction></resource></rest></CapabilityStatement>