<?xml version="1.0" encoding="UTF-8"?><ImplementationGuide xmlns="http://hl7.org/fhir"><id value="ans.fhir.fr.gap"/><text><status value="extensions"/><div xmlns="http://www.w3.org/1999/xhtml"><h2>GestionAgendasPartages</h2><p>The official URL for this implementation guide is: </p><pre>https://interop.esante.gouv.fr/ig/fhir/gap/ImplementationGuide/ans.fhir.fr.gap</pre></div></text><url value="https://interop.esante.gouv.fr/ig/fhir/gap/ImplementationGuide/ans.fhir.fr.gap"/><version value="3.0.0-ballot"/><name value="GestionAgendasPartages"/><title value="Gestion d'Agendas Partagés (GAP)"/><status value="draft"/><date value="2024-02-12T17:39:24+00:00"/><publisher value="ANS"/><contact><name value="ANS"/><telecom><system value="url"/><value value="https://esante.gouv.fr"/></telecom></contact><jurisdiction><coding><system value="urn:iso:std:iso:3166"/><code value="FR"/><display value="FRANCE"/></coding></jurisdiction><packageId value="ans.fhir.fr.gap"/><license value="CC0-1.0"/><fhirVersion value="4.0.1"/><dependsOn id="hl7tx"><extension url="http://hl7.org/fhir/tools/StructureDefinition/implementationguide-dependency-comment"><valueMarkdown value="Automatically added as a dependency - all IGs depend on HL7 Terminology"/></extension><uri value="http://terminology.hl7.org/ImplementationGuide/hl7.terminology"/><packageId value="hl7.terminology.r4"/><version value="5.3.0"/></dependsOn><dependsOn id="hl7ext"><extension url="http://hl7.org/fhir/tools/StructureDefinition/implementationguide-dependency-comment"><valueMarkdown value="Automatically added as a dependency - all IGs depend on the HL7 Extension Pack"/></extension><uri value="http://hl7.org/fhir/extensions/ImplementationGuide/hl7.fhir.uv.extensions"/><packageId value="hl7.fhir.uv.extensions.r4"/><version value="1.0.0"/></dependsOn><dependsOn id="ans_fhir_fr_annuaire"><uri value="https://interop.esante.gouv.fr/ig/fhir/annuaire/ImplementationGuide/ans.fhir.fr.annuaire"/><packageId value="ans.fhir.fr.annuaire"/><version value="1.0.0-ballot-2"/></dependsOn><dependsOn id="hl7_fhir_fr_core"><uri value="http://fhir.org/packages/hl7.fhir.fr.core/ImplementationGuide/hl7.fhir.fr.core"/><packageId value="hl7.fhir.fr.core"/><version value="1.1.0"/></dependsOn><dependsOn id="ans_fr_nos"><uri value="https://interop.esante.gouv.fr/ig/nos/ImplementationGuide/ans.fr.nos"/><packageId value="ans.fr.nos"/><version value="1.1.0"/></dependsOn><definition><extension url="http://hl7.org/fhir/tools/StructureDefinition/ig-parameter"><extension url="code"><valueString value="copyrightyear"/></extension><extension url="value"><valueString value="2020+"/></extension></extension><extension url="http://hl7.org/fhir/tools/StructureDefinition/ig-parameter"><extension url="code"><valueString value="releaselabel"/></extension><extension url="value"><valueString value="3.0.0-ballot"/></extension></extension><extension url="http://hl7.org/fhir/tools/StructureDefinition/ig-parameter"><extension url="code"><valueString value="shownav"/></extension><extension url="value"><valueString value="true"/></extension></extension><extension url="http://hl7.org/fhir/tools/StructureDefinition/ig-parameter"><extension url="code"><valueString value="autoload-resources"/></extension><extension url="value"><valueString value="true"/></extension></extension><extension url="http://hl7.org/fhir/tools/StructureDefinition/ig-parameter"><extension url="code"><valueString value="path-liquid"/></extension><extension url="value"><valueString value="template/liquid"/></extension></extension><extension url="http://hl7.org/fhir/tools/StructureDefinition/ig-parameter"><extension url="code"><valueString value="path-liquid"/></extension><extension url="value"><valueString value="input/liquid"/></extension></extension><extension url="http://hl7.org/fhir/tools/StructureDefinition/ig-parameter"><extension url="code"><valueString value="path-qa"/></extension><extension url="value"><valueString value="temp/qa"/></extension></extension><extension url="http://hl7.org/fhir/tools/StructureDefinition/ig-parameter"><extension url="code"><valueString value="path-temp"/></extension><extension url="value"><valueString value="temp/pages"/></extension></extension><extension url="http://hl7.org/fhir/tools/StructureDefinition/ig-parameter"><extension url="code"><valueString value="path-output"/></extension><extension url="value"><valueString value="output"/></extension></extension><extension url="http://hl7.org/fhir/tools/StructureDefinition/ig-parameter"><extension url="code"><valueString value="path-suppressed-warnings"/></extension><extension url="value"><valueString value="input/ignoreWarnings.txt"/></extension></extension><extension url="http://hl7.org/fhir/tools/StructureDefinition/ig-parameter"><extension url="code"><valueString value="path-history"/></extension><extension url="value"><valueString value="https://interop.esante.gouv.fr/ig/fhir/gap/history.html"/></extension></extension><extension url="http://hl7.org/fhir/tools/StructureDefinition/ig-parameter"><extension url="code"><valueString value="template-html"/></extension><extension url="value"><valueString value="template-page.html"/></extension></extension><extension url="http://hl7.org/fhir/tools/StructureDefinition/ig-parameter"><extension url="code"><valueString value="template-md"/></extension><extension url="value"><valueString value="template-page-md.html"/></extension></extension><extension url="http://hl7.org/fhir/tools/StructureDefinition/ig-parameter"><extension url="code"><valueString value="apply-contact"/></extension><extension url="value"><valueString value="true"/></extension></extension><extension url="http://hl7.org/fhir/tools/StructureDefinition/ig-parameter"><extension url="code"><valueString value="apply-context"/></extension><extension url="value"><valueString value="true"/></extension></extension><extension url="http://hl7.org/fhir/tools/StructureDefinition/ig-parameter"><extension url="code"><valueString value="apply-copyright"/></extension><extension url="value"><valueString value="true"/></extension></extension><extension url="http://hl7.org/fhir/tools/StructureDefinition/ig-parameter"><extension url="code"><valueString value="apply-jurisdiction"/></extension><extension url="value"><valueString value="true"/></extension></extension><extension url="http://hl7.org/fhir/tools/StructureDefinition/ig-parameter"><extension url="code"><valueString value="apply-license"/></extension><extension url="value"><valueString value="true"/></extension></extension><extension url="http://hl7.org/fhir/tools/StructureDefinition/ig-parameter"><extension url="code"><valueString value="apply-publisher"/></extension><extension url="value"><valueString value="true"/></extension></extension><extension url="http://hl7.org/fhir/tools/StructureDefinition/ig-parameter"><extension url="code"><valueString value="apply-version"/></extension><extension url="value"><valueString value="true"/></extension></extension><extension url="http://hl7.org/fhir/tools/StructureDefinition/ig-parameter"><extension url="code"><valueString value="apply-wg"/></extension><extension url="value"><valueString value="true"/></extension></extension><extension url="http://hl7.org/fhir/tools/StructureDefinition/ig-parameter"><extension url="code"><valueString value="active-tables"/></extension><extension url="value"><valueString value="true"/></extension></extension><extension url="http://hl7.org/fhir/tools/StructureDefinition/ig-parameter"><extension url="code"><valueString value="fmm-definition"/></extension><extension url="value"><valueString value="http://hl7.org/fhir/versions.html#maturity"/></extension></extension><extension url="http://hl7.org/fhir/tools/StructureDefinition/ig-parameter"><extension url="code"><valueString value="propagate-status"/></extension><extension url="value"><valueString value="true"/></extension></extension><extension url="http://hl7.org/fhir/tools/StructureDefinition/ig-parameter"><extension url="code"><valueString value="excludelogbinaryformat"/></extension><extension url="value"><valueString value="true"/></extension></extension><extension url="http://hl7.org/fhir/tools/StructureDefinition/ig-parameter"><extension url="code"><valueString value="tabbed-snapshots"/></extension><extension url="value"><valueString value="true"/></extension></extension><extension url="http://hl7.org/fhir/tools/StructureDefinition/ig-internal-dependency"><valueCode value="hl7.fhir.uv.tools#0.1.0"/></extension><extension url="http://hl7.org/fhir/tools/StructureDefinition/ig-parameter"><extension url="code"><valueCode value="copyrightyear"/></extension><extension url="value"><valueString value="2020+"/></extension></extension><extension url="http://hl7.org/fhir/tools/StructureDefinition/ig-parameter"><extension url="code"><valueCode value="releaselabel"/></extension><extension url="value"><valueString value="3.0.0-ballot"/></extension></extension><extension url="http://hl7.org/fhir/tools/StructureDefinition/ig-parameter"><extension url="code"><valueCode value="shownav"/></extension><extension url="value"><valueString value="true"/></extension></extension><extension url="http://hl7.org/fhir/tools/StructureDefinition/ig-parameter"><extension url="code"><valueCode value="autoload-resources"/></extension><extension url="value"><valueString value="true"/></extension></extension><extension url="http://hl7.org/fhir/tools/StructureDefinition/ig-parameter"><extension url="code"><valueCode value="path-liquid"/></extension><extension url="value"><valueString value="template/liquid"/></extension></extension><extension url="http://hl7.org/fhir/tools/StructureDefinition/ig-parameter"><extension url="code"><valueCode value="path-liquid"/></extension><extension url="value"><valueString value="input/liquid"/></extension></extension><extension url="http://hl7.org/fhir/tools/StructureDefinition/ig-parameter"><extension url="code"><valueCode value="path-qa"/></extension><extension url="value"><valueString value="temp/qa"/></extension></extension><extension url="http://hl7.org/fhir/tools/StructureDefinition/ig-parameter"><extension url="code"><valueCode value="path-temp"/></extension><extension url="value"><valueString value="temp/pages"/></extension></extension><extension url="http://hl7.org/fhir/tools/StructureDefinition/ig-parameter"><extension url="code"><valueCode value="path-output"/></extension><extension url="value"><valueString value="output"/></extension></extension><extension url="http://hl7.org/fhir/tools/StructureDefinition/ig-parameter"><extension url="code"><valueCode value="path-suppressed-warnings"/></extension><extension url="value"><valueString value="input/ignoreWarnings.txt"/></extension></extension><extension url="http://hl7.org/fhir/tools/StructureDefinition/ig-parameter"><extension url="code"><valueCode value="path-history"/></extension><extension url="value"><valueString value="https://interop.esante.gouv.fr/ig/fhir/gap/history.html"/></extension></extension><extension url="http://hl7.org/fhir/tools/StructureDefinition/ig-parameter"><extension url="code"><valueCode value="template-html"/></extension><extension url="value"><valueString value="template-page.html"/></extension></extension><extension url="http://hl7.org/fhir/tools/StructureDefinition/ig-parameter"><extension url="code"><valueCode value="template-md"/></extension><extension url="value"><valueString value="template-page-md.html"/></extension></extension><extension url="http://hl7.org/fhir/tools/StructureDefinition/ig-parameter"><extension url="code"><valueCode value="apply-contact"/></extension><extension url="value"><valueString value="true"/></extension></extension><extension url="http://hl7.org/fhir/tools/StructureDefinition/ig-parameter"><extension url="code"><valueCode value="apply-context"/></extension><extension url="value"><valueString value="true"/></extension></extension><extension url="http://hl7.org/fhir/tools/StructureDefinition/ig-parameter"><extension url="code"><valueCode value="apply-copyright"/></extension><extension url="value"><valueString value="true"/></extension></extension><extension url="http://hl7.org/fhir/tools/StructureDefinition/ig-parameter"><extension url="code"><valueCode value="apply-jurisdiction"/></extension><extension url="value"><valueString value="true"/></extension></extension><extension url="http://hl7.org/fhir/tools/StructureDefinition/ig-parameter"><extension url="code"><valueCode value="apply-license"/></extension><extension url="value"><valueString value="true"/></extension></extension><extension url="http://hl7.org/fhir/tools/StructureDefinition/ig-parameter"><extension url="code"><valueCode value="apply-publisher"/></extension><extension url="value"><valueString value="true"/></extension></extension><extension url="http://hl7.org/fhir/tools/StructureDefinition/ig-parameter"><extension url="code"><valueCode value="apply-version"/></extension><extension url="value"><valueString value="true"/></extension></extension><extension url="http://hl7.org/fhir/tools/StructureDefinition/ig-parameter"><extension url="code"><valueCode value="apply-wg"/></extension><extension url="value"><valueString value="true"/></extension></extension><extension url="http://hl7.org/fhir/tools/StructureDefinition/ig-parameter"><extension url="code"><valueCode value="active-tables"/></extension><extension url="value"><valueString value="true"/></extension></extension><extension url="http://hl7.org/fhir/tools/StructureDefinition/ig-parameter"><extension url="code"><valueCode value="fmm-definition"/></extension><extension url="value"><valueString value="http://hl7.org/fhir/versions.html#maturity"/></extension></extension><extension url="http://hl7.org/fhir/tools/StructureDefinition/ig-parameter"><extension url="code"><valueCode value="propagate-status"/></extension><extension url="value"><valueString value="true"/></extension></extension><extension url="http://hl7.org/fhir/tools/StructureDefinition/ig-parameter"><extension url="code"><valueCode value="excludelogbinaryformat"/></extension><extension url="value"><valueString value="true"/></extension></extension><extension url="http://hl7.org/fhir/tools/StructureDefinition/ig-parameter"><extension url="code"><valueCode value="tabbed-snapshots"/></extension><extension url="value"><valueString value="true"/></extension></extension><extension url="http://hl7.org/fhir/tools/StructureDefinition/ig-parameter"><extension url="code"><valueCode value="copyrightyear"/></extension><extension url="value"><valueString value="2020+"/></extension></extension><extension url="http://hl7.org/fhir/tools/StructureDefinition/ig-parameter"><extension url="code"><valueCode value="releaselabel"/></extension><extension url="value"><valueString value="3.0.0-ballot"/></extension></extension><extension url="http://hl7.org/fhir/tools/StructureDefinition/ig-parameter"><extension url="code"><valueCode value="shownav"/></extension><extension url="value"><valueString value="true"/></extension></extension><extension url="http://hl7.org/fhir/tools/StructureDefinition/ig-parameter"><extension url="code"><valueCode value="autoload-resources"/></extension><extension url="value"><valueString value="true"/></extension></extension><extension url="http://hl7.org/fhir/tools/StructureDefinition/ig-parameter"><extension url="code"><valueCode value="path-liquid"/></extension><extension url="value"><valueString value="template/liquid"/></extension></extension><extension url="http://hl7.org/fhir/tools/StructureDefinition/ig-parameter"><extension url="code"><valueCode value="path-liquid"/></extension><extension url="value"><valueString value="input/liquid"/></extension></extension><extension url="http://hl7.org/fhir/tools/StructureDefinition/ig-parameter"><extension url="code"><valueCode value="path-qa"/></extension><extension url="value"><valueString value="temp/qa"/></extension></extension><extension url="http://hl7.org/fhir/tools/StructureDefinition/ig-parameter"><extension url="code"><valueCode value="path-temp"/></extension><extension url="value"><valueString value="temp/pages"/></extension></extension><extension url="http://hl7.org/fhir/tools/StructureDefinition/ig-parameter"><extension url="code"><valueCode value="path-output"/></extension><extension url="value"><valueString value="output"/></extension></extension><extension url="http://hl7.org/fhir/tools/StructureDefinition/ig-parameter"><extension url="code"><valueCode value="path-suppressed-warnings"/></extension><extension url="value"><valueString value="input/ignoreWarnings.txt"/></extension></extension><extension url="http://hl7.org/fhir/tools/StructureDefinition/ig-parameter"><extension url="code"><valueCode value="path-history"/></extension><extension url="value"><valueString value="https://interop.esante.gouv.fr/ig/fhir/gap/history.html"/></extension></extension><extension url="http://hl7.org/fhir/tools/StructureDefinition/ig-parameter"><extension url="code"><valueCode value="template-html"/></extension><extension url="value"><valueString value="template-page.html"/></extension></extension><extension url="http://hl7.org/fhir/tools/StructureDefinition/ig-parameter"><extension url="code"><valueCode value="template-md"/></extension><extension url="value"><valueString value="template-page-md.html"/></extension></extension><extension url="http://hl7.org/fhir/tools/StructureDefinition/ig-parameter"><extension url="code"><valueCode value="apply-contact"/></extension><extension url="value"><valueString value="true"/></extension></extension><extension url="http://hl7.org/fhir/tools/StructureDefinition/ig-parameter"><extension url="code"><valueCode value="apply-context"/></extension><extension url="value"><valueString value="true"/></extension></extension><extension url="http://hl7.org/fhir/tools/StructureDefinition/ig-parameter"><extension url="code"><valueCode value="apply-copyright"/></extension><extension url="value"><valueString value="true"/></extension></extension><extension url="http://hl7.org/fhir/tools/StructureDefinition/ig-parameter"><extension url="code"><valueCode value="apply-jurisdiction"/></extension><extension url="value"><valueString value="true"/></extension></extension><extension url="http://hl7.org/fhir/tools/StructureDefinition/ig-parameter"><extension url="code"><valueCode value="apply-license"/></extension><extension url="value"><valueString value="true"/></extension></extension><extension url="http://hl7.org/fhir/tools/StructureDefinition/ig-parameter"><extension url="code"><valueCode value="apply-publisher"/></extension><extension url="value"><valueString value="true"/></extension></extension><extension url="http://hl7.org/fhir/tools/StructureDefinition/ig-parameter"><extension url="code"><valueCode value="apply-version"/></extension><extension url="value"><valueString value="true"/></extension></extension><extension url="http://hl7.org/fhir/tools/StructureDefinition/ig-parameter"><extension url="code"><valueCode value="apply-wg"/></extension><extension url="value"><valueString value="true"/></extension></extension><extension url="http://hl7.org/fhir/tools/StructureDefinition/ig-parameter"><extension url="code"><valueCode value="active-tables"/></extension><extension url="value"><valueString value="true"/></extension></extension><extension url="http://hl7.org/fhir/tools/StructureDefinition/ig-parameter"><extension url="code"><valueCode value="fmm-definition"/></extension><extension url="value"><valueString value="http://hl7.org/fhir/versions.html#maturity"/></extension></extension><extension url="http://hl7.org/fhir/tools/StructureDefinition/ig-parameter"><extension url="code"><valueCode value="propagate-status"/></extension><extension url="value"><valueString value="true"/></extension></extension><extension url="http://hl7.org/fhir/tools/StructureDefinition/ig-parameter"><extension url="code"><valueCode value="excludelogbinaryformat"/></extension><extension url="value"><valueString value="true"/></extension></extension><extension url="http://hl7.org/fhir/tools/StructureDefinition/ig-parameter"><extension url="code"><valueCode value="tabbed-snapshots"/></extension><extension url="value"><valueString value="true"/></extension></extension><grouping id="-dyn-capabilitystatement"><name value="Behavior: Capability Statements"/><description value="The following artifacts define the specific capabilities that different types of systems are expected to have in order to comply with this implementation guide.  Systems conforming to this implementation guide are expected to declare conformance to one or more of the following capability statements."/></grouping><grouping id="-dyn-searchparameter"><name value="Behavior: Search Parameters"/><description value="These define the properties by which a RESTful server can be searched.  They can also be used for sorting and including related resources."/></grouping><grouping id="-str-profile"><name value="Structures: Resource Profiles"/><description value="These define constraints on FHIR resources for systems conforming to this implementation guide."/></grouping><grouping id="-ex-example"><name value="Example: Example Instances"/><description value="These are example instances that show what data produced and consumed by systems conforming with this implementation guide might look like."/></grouping><resource><extension url="http://hl7.org/fhir/tools/StructureDefinition/resource-sort"><valueInteger value="999999999"/></extension><extension url="http://hl7.org/fhir/StructureDefinition/implementationguide-page"><valueUri value="CapabilityStatement-GAP-Consommateur.html"/></extension><reference><reference value="CapabilityStatement/GAP-Consommateur"/></reference><name value="CI-SIS Gestion-d-Agendas-Partages - ConsommateurGAP"/><description value="Un consommateur consulte l’agenda d’une ressource gérée par un gestionnaire d’agenda. La consultation de l’agenda indique les éventuelles plages de disponibilité déclarées pour la  &#xA;ressource ainsi que ses indisponibilités et les détails des rendez-vous existants (types, durées, etc., cf. section 2.3.3). Le consommateur peut être la personne prise en charge, un  &#xA;professionnel intervenant dans la prise en charge d’une personne ou tout autre tiers autorisé à consulter l’agenda de la ressource concernée."/><exampleBoolean value="false"/><groupingId value="-dyn-capabilitystatement"/></resource><resource><extension url="http://hl7.org/fhir/tools/StructureDefinition/resource-sort"><valueInteger value="999999999"/></extension><extension url="http://hl7.org/fhir/StructureDefinition/implementationguide-page"><valueUri value="CapabilityStatement-Gap-Declarant.html"/></extension><reference><reference value="CapabilityStatement/Gap-Declarant"/></reference><name value="CI-SIS Gestion-d-Agendas-Partages - DeclarantGAP"/><description value="Le déclarant peut initier une demande de création d’une nouvelle ressource à un gestionnaire de ressource ou d’une plage de disponibilité d’une ressource à un gestionnaire d’agenda.&#xA;Il peut également modifier ou supprimer une ressource ou une plage de disponibilité d’une ressource existante. &#xA;Le déclarant peut être soit le responsable de la ressource, soit un gestionnaire d’agenda ou un gestionnaire de ressources auprès duquel une ressource ou une plage de disponibilité d’une ressource a été déclarée et qui diffuse cette information à un autre gestionnaire d’agenda, ou à un autre gestionnaire de ressources."/><exampleBoolean value="false"/><groupingId value="-dyn-capabilitystatement"/></resource><resource><extension url="http://hl7.org/fhir/tools/StructureDefinition/resource-sort"><valueInteger value="999999999"/></extension><extension url="http://hl7.org/fhir/StructureDefinition/implementationguide-page"><valueUri value="CapabilityStatement-GAP-DeclarantRDV.html"/></extension><reference><reference value="CapabilityStatement/GAP-DeclarantRDV"/></reference><name value="CI-SIS Gestion-d-Agendas-Partages - DeclarantRDVGAP"/><description value="Un déclarant de rendez-vous fait une demande auprès d’un gestionnaire d’agenda pour créer (demande d'un nouveau rendez-vous ou déclaration d'un rendez-vous pris) ou mettre à jour un rendez-vous"/><exampleBoolean value="false"/><groupingId value="-dyn-capabilitystatement"/></resource><resource><extension url="http://hl7.org/fhir/tools/StructureDefinition/resource-sort"><valueInteger value="999999999"/></extension><extension url="http://hl7.org/fhir/StructureDefinition/implementationguide-page"><valueUri value="CapabilityStatement-GAP-GestionnaireAgenda.html"/></extension><reference><reference value="CapabilityStatement/GAP-GestionnaireAgenda"/></reference><name value="CI-SIS Gestion-d-Agendas-Partages - GestionnaireAgendaGAP"/><description value="Le gestionnaire d’agenda gère les demandes de déclaration, de modification ou de   suppression de rendez-vous."/><exampleBoolean value="false"/><groupingId value="-dyn-capabilitystatement"/></resource><resource><extension url="http://hl7.org/fhir/tools/StructureDefinition/resource-sort"><valueInteger value="999999999"/></extension><extension url="http://hl7.org/fhir/StructureDefinition/implementationguide-page"><valueUri value="CapabilityStatement-GAP-GestionnaireRessources.html"/></extension><reference><reference value="CapabilityStatement/GAP-GestionnaireRessources"/></reference><name value="CI-SIS Gestion-d-Agendas-Partages - GestionnaireRessourcesGAP"/><description value="Le gestionnaire de ressources gère les demandes de gestion de ressources (lieu,   équipement, personne prise en charge, professionnel, etc.)."/><exampleBoolean value="false"/><groupingId value="-dyn-capabilitystatement"/></resource><resource><extension url="http://hl7.org/fhir/tools/StructureDefinition/resource-sort"><valueInteger value="999999999"/></extension><extension url="http://hl7.org/fhir/StructureDefinition/implementationguide-page"><valueUri value="SearchParameter-GAP-Appointment-created.html"/></extension><reference><reference value="SearchParameter/GAP-Appointment-created"/></reference><name value="GAP-Appointment-created"/><description value="Date that this appointment was initially created"/><exampleBoolean value="false"/><groupingId value="-dyn-searchparameter"/></resource><resource><extension url="http://hl7.org/fhir/tools/StructureDefinition/resource-sort"><valueInteger value="999999999"/></extension><extension url="http://hl7.org/fhir/StructureDefinition/implementationguide-page"><valueUri value="SearchParameter-GAP-Appointment-description.html"/></extension><reference><reference value="SearchParameter/GAP-Appointment-description"/></reference><name value="GAP-Appointment-description"/><description value="Comment or title of the appointment"/><exampleBoolean value="false"/><groupingId value="-dyn-searchparameter"/></resource><resource><extension url="http://hl7.org/fhir/tools/StructureDefinition/resource-sort"><valueInteger value="999999999"/></extension><extension url="http://hl7.org/fhir/StructureDefinition/implementationguide-page"><valueUri value="SearchParameter-GAP-Appointment-earliestStart.html"/></extension><reference><reference value="SearchParameter/GAP-Appointment-earliestStart"/></reference><name value="GAP-Appointment-earliestStart"/><description value="Earliest start of an appointment"/><exampleBoolean value="false"/><groupingId value="-dyn-searchparameter"/></resource><resource><extension url="http://hl7.org/fhir/tools/StructureDefinition/resource-sort"><valueInteger value="999999999"/></extension><extension url="http://hl7.org/fhir/StructureDefinition/implementationguide-page"><valueUri value="SearchParameter-GAP-Appointment-latestStart.html"/></extension><reference><reference value="SearchParameter/GAP-Appointment-latestStart"/></reference><name value="GAP-Appointment-latestStart"/><description value="latest start of an appointment"/><exampleBoolean value="false"/><groupingId value="-dyn-searchparameter"/></resource><resource><extension url="http://hl7.org/fhir/tools/StructureDefinition/resource-sort"><valueInteger value="999999999"/></extension><extension url="http://hl7.org/fhir/StructureDefinition/implementationguide-page"><valueUri value="SearchParameter-GAP-Appointment-priority.html"/></extension><reference><reference value="SearchParameter/GAP-Appointment-priority"/></reference><name value="GAP-Appointment-priority"/><description value="Priority of the appointment"/><exampleBoolean value="false"/><groupingId value="-dyn-searchparameter"/></resource><resource><extension url="http://hl7.org/fhir/tools/StructureDefinition/resource-sort"><valueInteger value="999999999"/></extension><extension url="http://hl7.org/fhir/StructureDefinition/implementationguide-page"><valueUri value="SearchParameter-GAP-Slot-earliestStart.html"/></extension><reference><reference value="SearchParameter/GAP-Slot-earliestStart"/></reference><name value="GAP-Slot-earliestStart"/><description value="earliest start of a potential appointment"/><exampleBoolean value="false"/><groupingId value="-dyn-searchparameter"/></resource><resource><extension url="http://hl7.org/fhir/tools/StructureDefinition/resource-sort"><valueInteger value="999999999"/></extension><extension url="http://hl7.org/fhir/StructureDefinition/implementationguide-page"><valueUri value="SearchParameter-GAP-Slot-latestStart.html"/></extension><reference><reference value="SearchParameter/GAP-Slot-latestStart"/></reference><name value="GAP-Slot-latestStart"/><description value="latest start of a potential appointment"/><exampleBoolean value="false"/><groupingId value="-dyn-searchparameter"/></resource><resource><extension url="http://hl7.org/fhir/tools/StructureDefinition/resource-sort"><valueInteger value="999999999"/></extension><extension url="http://hl7.org/fhir/StructureDefinition/implementationguide-page"><valueUri value="StructureDefinition-gap-bundle-reponse-demande-consult-dispo.html"/></extension><reference><reference value="StructureDefinition/gap-bundle-reponse-demande-consult-dispo"/></reference><name value="GAP-BundleResultatReponseADemandeConsultationDisponibilites"/><description value="Profil du bundle de réponse à la demande de consultation des disponibilités d’une ou de plusieurs ressources. Sur la durée demandée, elle devra contenir les informations sur le temps libre ou occupé de chacune des ressources. La réponse contient donc les disponibilités (Slot) des ressources répondant aux critères de recherche de la demande. Les Slot portant le statut free représentent les disponibilités (status=free). Status=busy pour les indisponibilités correspondant à des rendez-vous pris"/><exampleBoolean value="false"/><groupingId value="-str-profile"/></resource><resource><extension url="http://hl7.org/fhir/tools/StructureDefinition/resource-sort"><valueInteger value="999999999"/></extension><extension url="http://hl7.org/fhir/StructureDefinition/implementationguide-page"><valueUri value="StructureDefinition-gap-bundle-reponse-demande-consult-rdv.html"/></extension><reference><reference value="StructureDefinition/gap-bundle-reponse-demande-consult-rdv"/></reference><name value="GAP-BundleResultatReponseADemandeConsultationRDV"/><description value="Profil du bundle de réponse à la recherche de rendez-vous dans l’agenda d’une ressource. Sur la durée demandée, il devra contenir les informations sur les rendez-vous répondant aux critères de recherche envoyés dans la demande"/><exampleBoolean value="false"/><groupingId value="-str-profile"/></resource><resource><extension url="http://hl7.org/fhir/tools/StructureDefinition/resource-sort"><valueInteger value="999999999"/></extension><extension url="http://hl7.org/fhir/StructureDefinition/implementationguide-page"><valueUri value="StructureDefinition-gap-fr-appointment.html"/></extension><reference><reference value="StructureDefinition/gap-fr-appointment"/></reference><name value="GAP-FrAppointment"/><description value="Profil décrivant un rendez-vous médical"/><exampleBoolean value="false"/><groupingId value="-str-profile"/></resource><resource><extension url="http://hl7.org/fhir/tools/StructureDefinition/resource-sort"><valueInteger value="999999999"/></extension><extension url="http://hl7.org/fhir/StructureDefinition/implementationguide-page"><valueUri value="StructureDefinition-gap-fr-schedule.html"/></extension><reference><reference value="StructureDefinition/gap-fr-schedule"/></reference><name value="GAP-FrSchedule"/><description value="Profil décrivant un agenda médical"/><exampleBoolean value="false"/><groupingId value="-str-profile"/></resource><resource><extension url="http://hl7.org/fhir/tools/StructureDefinition/resource-sort"><valueInteger value="999999999"/></extension><extension url="http://hl7.org/fhir/StructureDefinition/implementationguide-page"><valueUri value="StructureDefinition-gap-fr-slot.html"/></extension><reference><reference value="StructureDefinition/gap-fr-slot"/></reference><name value="GAP-FrSlot"/><description value="Profil décrivant un créneau"/><exampleBoolean value="false"/><groupingId value="-str-profile"/></resource><resource><extension url="http://hl7.org/fhir/tools/StructureDefinition/resource-sort"><valueInteger value="999999999"/></extension><extension url="http://hl7.org/fhir/StructureDefinition/implementationguide-page"><valueUri value="Schedule-example.html"/></extension><reference><reference value="Schedule/example"/></reference><name value="example-fr-schedule"/><exampleCanonical value="https://interop.esante.gouv.fr/ig/fhir/gap/StructureDefinition/gap-fr-schedule"/><groupingId value="-ex-example"/></resource><resource><extension url="http://hl7.org/fhir/tools/StructureDefinition/resource-sort"><valueInteger value="999999999"/></extension><extension url="http://hl7.org/fhir/StructureDefinition/implementationguide-page"><valueUri value="Slot-example.html"/></extension><reference><reference value="Slot/example"/></reference><name value="example-frslot"/><exampleCanonical value="https://interop.esante.gouv.fr/ig/fhir/gap/StructureDefinition/gap-fr-slot"/><groupingId value="-ex-example"/></resource><resource><extension url="http://hl7.org/fhir/tools/StructureDefinition/resource-sort"><valueInteger value="999999999"/></extension><extension url="http://hl7.org/fhir/StructureDefinition/implementationguide-page"><valueUri value="Appointment-example-req-appointment.html"/></extension><reference><reference value="Appointment/example-req-appointment"/></reference><name value="example-req-appointment"/><exampleCanonical value="https://interop.esante.gouv.fr/ig/fhir/gap/StructureDefinition/gap-fr-appointment"/><groupingId value="-ex-example"/></resource><page><extension url="http://hl7.org/fhir/tools/StructureDefinition/ig-page-name"><valueUrl value="toc.html"/></extension><nameUrl value="toc.html"/><title value="Table of Contents"/><generation value="html"/><page><extension url="http://hl7.org/fhir/tools/StructureDefinition/ig-page-name"><valueUrl value="index.html"/></extension><nameUrl value="index.html"/><title value="Accueil"/><generation value="markdown"/></page><page><extension url="http://hl7.org/fhir/tools/StructureDefinition/ig-page-name"><valueUrl value="specifications_techniques.html"/></extension><nameUrl value="specifications_techniques.html"/><title value="Specifications Techniques"/><generation value="markdown"/><page><extension url="http://hl7.org/fhir/tools/StructureDefinition/ig-page-name"><valueUrl value="construction_des_flux.html"/></extension><nameUrl value="construction_des_flux.html"/><title value="Vue d'ensemble"/><generation value="markdown"/></page><page><extension url="http://hl7.org/fhir/tools/StructureDefinition/ig-page-name"><valueUrl value="flux-gestion-ressources.html"/></extension><nameUrl value="flux-gestion-ressources.html"/><title value="Flux 01 - Gestion ressources"/><generation value="markdown"/></page><page><extension url="http://hl7.org/fhir/tools/StructureDefinition/ig-page-name"><valueUrl value="flux-gestion-agenda.html"/></extension><nameUrl value="flux-gestion-agenda.html"/><title value="Flux 02 - Gestion agenda"/><generation value="markdown"/></page><page><extension url="http://hl7.org/fhir/tools/StructureDefinition/ig-page-name"><valueUrl value="flux-gestion-dispo.html"/></extension><nameUrl value="flux-gestion-dispo.html"/><title value="Flux 03 - Gestion disponibilités"/><generation value="markdown"/></page><page><extension url="http://hl7.org/fhir/tools/StructureDefinition/ig-page-name"><valueUrl value="flux-demande-consultation.html"/></extension><nameUrl value="flux-demande-consultation.html"/><title value="Flux 04 et 05 - Demande consultation"/><generation value="markdown"/></page><page><extension url="http://hl7.org/fhir/tools/StructureDefinition/ig-page-name"><valueUrl value="flux-gestion-rdv.html"/></extension><nameUrl value="flux-gestion-rdv.html"/><title value="Flux 06 - Gestion rendez-vous"/><generation value="markdown"/></page></page><page><extension url="http://hl7.org/fhir/tools/StructureDefinition/ig-page-name"><valueUrl value="specifications_fonctionnelles.html"/></extension><nameUrl value="specifications_fonctionnelles.html"/><title value="Spécifications fonctionnelles"/><generation value="markdown"/></page><page><extension url="http://hl7.org/fhir/tools/StructureDefinition/ig-page-name"><valueUrl value="autres_ressources.html"/></extension><nameUrl value="autres_ressources.html"/><title value="Autres Ressources"/><generation value="markdown"/><page><extension url="http://hl7.org/fhir/tools/StructureDefinition/ig-page-name"><valueUrl value="mapping.html"/></extension><nameUrl value="mapping.html"/><title value="Mappings"/><generation value="markdown"/></page><page><extension url="http://hl7.org/fhir/tools/StructureDefinition/ig-page-name"><valueUrl value="securite.html"/></extension><nameUrl value="securite.html"/><title value="Sécurité"/><generation value="markdown"/></page><page><extension url="http://hl7.org/fhir/tools/StructureDefinition/ig-page-name"><valueUrl value="downloads.html"/></extension><nameUrl value="downloads.html"/><title value="Téléchargements et usages"/><generation value="markdown"/></page></page><page><extension url="http://hl7.org/fhir/tools/StructureDefinition/ig-page-name"><valueUrl value="artifacts.html"/></extension><nameUrl value="artifacts.html"/><title value="Artifacts Summary"/><generation value="html"/><page><extension url="http://hl7.org/fhir/tools/StructureDefinition/ig-page-name"><valueUrl value="CapabilityStatement-GAP-Consommateur.html"/></extension><nameUrl value="CapabilityStatement-GAP-Consommateur.html"/><title value="CI-SIS Gestion-d-Agendas-Partages - ConsommateurGAP"/><generation value="generated"/></page><page><extension url="http://hl7.org/fhir/tools/StructureDefinition/ig-page-name"><valueUrl value="CapabilityStatement-Gap-Declarant.html"/></extension><nameUrl value="CapabilityStatement-Gap-Declarant.html"/><title value="CI-SIS Gestion-d-Agendas-Partages - DeclarantGAP"/><generation value="generated"/></page><page><extension url="http://hl7.org/fhir/tools/StructureDefinition/ig-page-name"><valueUrl value="CapabilityStatement-GAP-DeclarantRDV.html"/></extension><nameUrl value="CapabilityStatement-GAP-DeclarantRDV.html"/><title value="CI-SIS Gestion-d-Agendas-Partages - DeclarantRDVGAP"/><generation value="generated"/></page><page><extension url="http://hl7.org/fhir/tools/StructureDefinition/ig-page-name"><valueUrl value="CapabilityStatement-GAP-GestionnaireAgenda.html"/></extension><nameUrl value="CapabilityStatement-GAP-GestionnaireAgenda.html"/><title value="CI-SIS Gestion-d-Agendas-Partages - GestionnaireAgendaGAP"/><generation value="generated"/></page><page><extension url="http://hl7.org/fhir/tools/StructureDefinition/ig-page-name"><valueUrl value="CapabilityStatement-GAP-GestionnaireRessources.html"/></extension><nameUrl value="CapabilityStatement-GAP-GestionnaireRessources.html"/><title value="CI-SIS Gestion-d-Agendas-Partages - GestionnaireRessourcesGAP"/><generation value="generated"/></page><page><extension url="http://hl7.org/fhir/tools/StructureDefinition/ig-page-name"><valueUrl value="SearchParameter-GAP-Appointment-created.html"/></extension><nameUrl value="SearchParameter-GAP-Appointment-created.html"/><title value="GAP-Appointment-created"/><generation value="generated"/></page><page><extension url="http://hl7.org/fhir/tools/StructureDefinition/ig-page-name"><valueUrl value="SearchParameter-GAP-Appointment-description.html"/></extension><nameUrl value="SearchParameter-GAP-Appointment-description.html"/><title value="GAP-Appointment-description"/><generation value="generated"/></page><page><extension url="http://hl7.org/fhir/tools/StructureDefinition/ig-page-name"><valueUrl value="SearchParameter-GAP-Appointment-earliestStart.html"/></extension><nameUrl value="SearchParameter-GAP-Appointment-earliestStart.html"/><title value="GAP-Appointment-earliestStart"/><generation value="generated"/></page><page><extension url="http://hl7.org/fhir/tools/StructureDefinition/ig-page-name"><valueUrl value="SearchParameter-GAP-Appointment-latestStart.html"/></extension><nameUrl value="SearchParameter-GAP-Appointment-latestStart.html"/><title value="GAP-Appointment-latestStart"/><generation value="generated"/></page><page><extension url="http://hl7.org/fhir/tools/StructureDefinition/ig-page-name"><valueUrl value="SearchParameter-GAP-Appointment-priority.html"/></extension><nameUrl value="SearchParameter-GAP-Appointment-priority.html"/><title value="GAP-Appointment-priority"/><generation value="generated"/></page><page><extension url="http://hl7.org/fhir/tools/StructureDefinition/ig-page-name"><valueUrl value="SearchParameter-GAP-Slot-earliestStart.html"/></extension><nameUrl value="SearchParameter-GAP-Slot-earliestStart.html"/><title value="GAP-Slot-earliestStart"/><generation value="generated"/></page><page><extension url="http://hl7.org/fhir/tools/StructureDefinition/ig-page-name"><valueUrl value="SearchParameter-GAP-Slot-latestStart.html"/></extension><nameUrl value="SearchParameter-GAP-Slot-latestStart.html"/><title value="GAP-Slot-latestStart"/><generation value="generated"/></page><page><extension url="http://hl7.org/fhir/tools/StructureDefinition/ig-page-name"><valueUrl value="StructureDefinition-gap-bundle-reponse-demande-consult-dispo.html"/></extension><nameUrl value="StructureDefinition-gap-bundle-reponse-demande-consult-dispo.html"/><title value="GAP-BundleResultatReponseADemandeConsultationDisponibilites"/><generation value="generated"/></page><page><extension url="http://hl7.org/fhir/tools/StructureDefinition/ig-page-name"><valueUrl value="StructureDefinition-gap-bundle-reponse-demande-consult-rdv.html"/></extension><nameUrl value="StructureDefinition-gap-bundle-reponse-demande-consult-rdv.html"/><title value="GAP-BundleResultatReponseADemandeConsultationRDV"/><generation value="generated"/></page><page><extension url="http://hl7.org/fhir/tools/StructureDefinition/ig-page-name"><valueUrl value="StructureDefinition-gap-fr-appointment.html"/></extension><nameUrl value="StructureDefinition-gap-fr-appointment.html"/><title value="GAP-FrAppointment"/><generation value="generated"/></page><page><extension url="http://hl7.org/fhir/tools/StructureDefinition/ig-page-name"><valueUrl value="StructureDefinition-gap-fr-schedule.html"/></extension><nameUrl value="StructureDefinition-gap-fr-schedule.html"/><title value="GAP-FrSchedule"/><generation value="generated"/></page><page><extension url="http://hl7.org/fhir/tools/StructureDefinition/ig-page-name"><valueUrl value="StructureDefinition-gap-fr-slot.html"/></extension><nameUrl value="StructureDefinition-gap-fr-slot.html"/><title value="GAP-FrSlot"/><generation value="generated"/></page><page><extension url="http://hl7.org/fhir/tools/StructureDefinition/ig-page-name"><valueUrl value="Schedule-example.html"/></extension><nameUrl value="Schedule-example.html"/><title value="example-fr-schedule"/><generation value="generated"/></page><page><extension url="http://hl7.org/fhir/tools/StructureDefinition/ig-page-name"><valueUrl value="Slot-example.html"/></extension><nameUrl value="Slot-example.html"/><title value="example-frslot"/><generation value="generated"/></page><page><extension url="http://hl7.org/fhir/tools/StructureDefinition/ig-page-name"><valueUrl value="Appointment-example-req-appointment.html"/></extension><nameUrl value="Appointment-example-req-appointment.html"/><title value="example-req-appointment"/><generation value="generated"/></page></page></page><parameter><code value="path-resource"/><value value="input/capabilities"/></parameter><parameter><code value="path-resource"/><value value="input/examples"/></parameter><parameter><code value="path-resource"/><value value="input/extensions"/></parameter><parameter><code value="path-resource"/><value value="input/models"/></parameter><parameter><code value="path-resource"/><value value="input/operations"/></parameter><parameter><code value="path-resource"/><value value="input/profiles"/></parameter><parameter><code value="path-resource"/><value value="input/resources"/></parameter><parameter><code value="path-resource"/><value value="input/vocabulary"/></parameter><parameter><code value="path-resource"/><value value="input/maps"/></parameter><parameter><code value="path-resource"/><value value="input/testing"/></parameter><parameter><code value="path-resource"/><value value="input/history"/></parameter><parameter><code value="path-resource"/><value value="fsh-generated/resources"/></parameter><parameter><code value="path-pages"/><value value="template/config"/></parameter><parameter><code value="path-pages"/><value value="input/images"/></parameter><parameter><code value="path-tx-cache"/><value value="input-cache/txcache"/></parameter></definition></ImplementationGuide>