<?xml version="1.0" encoding="UTF-8"?>

<SearchParameter xmlns="http://hl7.org/fhir">
  <id value="GAP-Appointment-priority"/>
  <text>
    <status value="generated"/><div xmlns="http://www.w3.org/1999/xhtml"><p class="res-header-id"><b>Generated Narrative: SearchParameter GAP-Appointment-priority</b></p><a name="GAP-Appointment-priority"> </a><a name="hcGAP-Appointment-priority"> </a><a name="GAP-Appointment-priority-fr-FR"> </a><h2>GAP_Appointment_priority</h2><p>Parameter <code>priority</code>:<code>token</code></p><div><p>Priority of the appointment</p>
</div><table class="grid"><tr><td>Resource</td><td><a href="http://hl7.org/fhir/R4/appointment.html">Appointment</a></td></tr><tr><td>Expression</td><td><code>Appointment.priority</code></td></tr><tr><td>Processing Mode</td><td>Normal</td></tr><tr><td>Multiples</td><td><ul><li>multipleAnd: The parameter may only appear once</li><li>multipleOr: The parameter may only have one value (no comma separators)</li></ul></td></tr></table></div>
  </text>
  <url value="https://interop.esante.gouv.fr/ig/fhir/gap/SearchParameter/GAP-Appointment-priority"/>
  <version value="3.0.0"/>
  <name value="GAP_Appointment_priority"/>
  <status value="active"/>
  <date value="2024-08-26T14:39:10+00:00"/>
  <publisher value="ANS"/>
  <contact>
    <name value="ANS"/>
    <telecom>
      <system value="url"/>
      <value value="https://esante.gouv.fr"/>
    </telecom>
  </contact>
  <description value="Priority of the appointment"/>
  <jurisdiction>
    <coding>
      <system value="urn:iso:std:iso:3166"/>
      <code value="FR"/>
      <display value="FRANCE"/>
    </coding>
  </jurisdiction>
  <code value="priority"/>
  <base value="Appointment"/>
  <type value="token"/>
  <expression value="Appointment.priority"/>
  <xpathUsage value="normal"/>
  <multipleOr value="false"/>
  <multipleAnd value="false"/>
</SearchParameter>